"ANO","NIVEL","CODMUNRES","POPRE_T","POPRC_T","POPRC_M","POPRC_F","POPRC_15","POPRC_15_49","POPRC_50","POPRC_F_15","POPRC_F_15_49","POPRC_F_50"
2016,"UF",35,"44749699",41262199,20077873,21184326,8860918,23205750,9195531,4354273,11777852,5052201
2016,"MUNICIPIO",3500105,"35094",33797,16374,17423,5823,17785,10189,2798,9070,5555
2016,"MUNICIPIO",3500204,"3616",3557,1787,1770,680,1840,1037,309,931,530
2016,"MUNICIPIO",3500303,"35189",32148,16217,15931,7261,17717,7170,3554,8615,3762
2016,"MUNICIPIO",3500402,"8065",7584,3747,3837,1371,3840,2373,676,1919,1242
2016,"MUNICIPIO",3500501,"18412",17266,8457,8809,3421,9254,4591,1638,4714,2457
2016,"MUNICIPIO",3500550,"5977",5601,2779,2822,1264,2853,1484,626,1449,747
2016,"MUNICIPIO",3500600,"3205",2707,1262,1445,432,1280,995,213,665,567
2016,"MUNICIPIO",3500709,"36704",34524,17076,17448,7776,19148,7600,3812,9613,4023
2016,"MUNICIPIO",3500758,"5658",4884,2456,2428,1233,2573,1078,631,1272,525
2016,"MUNICIPIO",3500808,"4118",3891,1981,1910,674,1955,1262,308,946,656
2016,"MUNICIPIO",3500907,"4085",3815,2051,1764,892,2190,733,410,994,360
2016,"MUNICIPIO",3501004,"16199",15607,7808,7799,3245,8275,4087,1573,4148,2078
2016,"MUNICIPIO",3501103,"4164",4102,2109,1993,715,2062,1325,356,982,655
2016,"MUNICIPIO",3501152,"18194",16839,8500,8339,4209,9640,2990,2082,4722,1535
2016,"MUNICIPIO",3501202,"3824",3897,1999,1898,621,1915,1361,300,955,643
2016,"MUNICIPIO",3501301,"24733",23513,11640,11873,5125,12664,5724,2540,6291,3042
2016,"MUNICIPIO",3501400,"5075",4650,2959,1691,828,2978,844,436,841,414
2016,"MUNICIPIO",3501509,"3182",3000,1482,1518,729,1569,702,374,769,375
2016,"MUNICIPIO",3501608,"231621",210638,103174,107464,38770,119516,52352,19051,60078,28335
2016,"MUNICIPIO",3501707,"38701",34478,17333,17145,8197,20512,5769,4073,10100,2972
2016,"MUNICIPIO",3501806,"5955",5706,2862,2844,1095,2879,1732,531,1451,862
2016,"MUNICIPIO",3501905,"70742",65829,32442,33387,12296,36430,17103,6083,18084,9220
2016,"MUNICIPIO",3502002,"4789",4293,2203,2090,950,2274,1069,477,1082,531
2016,"MUNICIPIO",3502101,"57300",55334,27190,28144,10512,29920,14902,5228,14795,8121
2016,"MUNICIPIO",3502200,"24400",22210,11245,10965,5161,11998,5051,2526,5940,2499
2016,"MUNICIPIO",3502309,"6397",5653,2909,2744,1448,2951,1254,703,1432,609
2016,"MUNICIPIO",3502408,"4026",3738,1863,1875,828,1997,913,409,990,476
2016,"MUNICIPIO",3502507,"36248",35007,16898,18109,7229,19503,8275,3522,9967,4620
2016,"MUNICIPIO",3502606,"4362",4450,2177,2273,822,2182,1446,424,1102,747
2016,"MUNICIPIO",3502705,"25077",25191,12577,12614,6744,13212,5235,3298,6715,2601
2016,"MUNICIPIO",3502754,"20581",17080,8697,8383,4674,9620,2786,2267,4763,1353
2016,"MUNICIPIO",3502804,"193828",181579,87329,94250,33857,100018,47704,16600,51184,26466
2016,"MUNICIPIO",3502903,"31915",27299,13607,13692,6163,14543,6593,3079,7281,3332
2016,"MUNICIPIO",3503000,"5519",5152,2589,2563,1010,2815,1327,490,1426,647
2016,"MUNICIPIO",3503109,"6360",6123,3088,3035,1419,3281,1423,707,1601,727
2016,"MUNICIPIO",3503158,"2516",2493,1255,1238,576,1308,609,271,670,297
2016,"MUNICIPIO",3503208,"228664",208662,100655,108007,38250,116774,53638,18782,59295,29930
2016,"MUNICIPIO",3503307,"130102",118843,58688,60155,23383,67088,28372,11422,33479,15254
2016,"MUNICIPIO",3503356,"1873",1925,971,954,356,988,581,175,496,283
2016,"MUNICIPIO",3503406,"8402",7841,3997,3844,1532,3879,2430,742,1921,1181
2016,"MUNICIPIO",3503505,"3869",3696,1831,1865,947,1930,819,498,949,418
2016,"MUNICIPIO",3503604,"11078",10579,5453,5126,2675,6098,1806,1310,2911,905
2016,"MUNICIPIO",3503703,"9365",8547,4366,4181,1775,4715,2057,840,2276,1065
2016,"MUNICIPIO",3503802,"51126",44177,22075,22102,10145,25457,8575,5027,12647,4428
2016,"MUNICIPIO",3503901,"85199",74905,36939,37966,18629,42453,13823,9156,21562,7248
2016,"MUNICIPIO",3503950,"1845",1809,907,902,326,945,538,159,472,271
2016,"MUNICIPIO",3504008,"102268",95144,46317,48827,18189,52283,24672,8882,26288,13657
2016,"MUNICIPIO",3504107,"138449",126603,62211,64392,27457,69452,29694,13300,35042,16050
2016,"MUNICIPIO",3504206,"15024",14202,7102,7100,2581,7814,3807,1251,3887,1962
2016,"MUNICIPIO",3504305,"5306",4959,2506,2453,1166,2658,1135,543,1334,576
2016,"MUNICIPIO",3504404,"12918",11310,6249,5061,2481,6723,2106,1223,2735,1103
2016,"MUNICIPIO",3504503,"88938",82934,41136,41798,17629,45626,19679,8662,22396,10740
2016,"MUNICIPIO",3504602,"16604",14603,7249,7354,3014,8237,3352,1483,4118,1753
2016,"MUNICIPIO",3504701,"5006",3702,3002,700,274,2957,471,136,357,207
2016,"MUNICIPIO",3504800,"8841",8160,3998,4162,1442,4391,2327,721,2199,1242
2016,"MUNICIPIO",3504909,"10821",10223,5051,5172,2353,5324,2546,1148,2657,1367
2016,"MUNICIPIO",3505005,"3380",3116,1591,1525,759,1512,845,368,758,399
2016,"MUNICIPIO",3505104,"7190",6593,3323,3270,1589,3467,1537,789,1685,796
2016,"MUNICIPIO",3505203,"34328",31593,15816,15777,6688,16520,8385,3235,8022,4520
2016,"MUNICIPIO",3505302,"36326",35246,17252,17994,6342,19848,9056,3142,9957,4895
2016,"MUNICIPIO",3505351,"5619",5244,2770,2474,1460,2685,1099,710,1256,508
2016,"MUNICIPIO",3505401,"7804",7729,4050,3679,2250,3623,1856,1062,1792,825
2016,"MUNICIPIO",3505500,"119948",112101,54169,57932,22060,61951,28090,10709,31530,15693
2016,"MUNICIPIO",3505609,"31579",28496,14321,14175,7256,16778,4462,3599,8273,2303
2016,"MUNICIPIO",3505708,"264935",240749,117051,123698,58603,142561,39585,28896,73654,21148
2016,"MUNICIPIO",3505807,"21070",20445,10032,10413,4463,11126,4856,2248,5535,2630
2016,"MUNICIPIO",3505906,"61040",56476,27744,28732,11418,30620,14438,5599,15361,7772
2016,"MUNICIPIO",3506003,"369368",343937,166649,177288,69144,191079,83714,33891,96434,46963
2016,"MUNICIPIO",3506102,"77695",75035,36529,38506,15135,40804,19096,7431,20675,10400
2016,"MUNICIPIO",3506201,"2902",2674,1364,1310,589,1483,602,292,694,324
2016,"MUNICIPIO",3506300,"11169",10775,5250,5525,2207,5488,3080,1130,2707,1688
2016,"MUNICIPIO",3506359,"57942",47645,23829,23816,12953,26966,7726,6385,13578,3853
2016,"MUNICIPIO",3506409,"7761",7048,3491,3557,1236,3804,2008,594,1873,1090
2016,"MUNICIPIO",3506508,"119536",108728,53075,55653,21084,61734,25910,10329,31426,13898
2016,"MUNICIPIO",3506607,"31479",28575,14413,14162,7243,15423,5909,3546,7689,2927
2016,"MUNICIPIO",3506706,"14638",13645,6875,6770,3317,7546,2782,1623,3729,1418
2016,"MUNICIPIO",3506805,"11926",10859,5409,5450,2335,6033,2491,1163,2962,1325
2016,"MUNICIPIO",3506904,"11059",9618,4906,4712,2323,4774,2521,1150,2342,1220
2016,"MUNICIPIO",3507001,"56830",48314,24313,24001,10856,27936,9522,5348,13720,4933
2016,"MUNICIPIO",3507100,"23530",19708,9922,9786,4746,11088,3874,2292,5520,1974
2016,"MUNICIPIO",3507159,"3860",3571,1816,1755,1082,1921,568,543,951,261
2016,"MUNICIPIO",3507209,"838",805,422,383,158,469,178,74,222,87
2016,"MUNICIPIO",3507308,"4675",4268,2178,2090,975,2304,989,473,1114,503
2016,"MUNICIPIO",3507407,"15681",14529,7350,7179,2876,7838,3815,1379,3861,1939
2016,"MUNICIPIO",3507456,"2548",2293,1143,1150,572,1239,482,279,623,248
2016,"MUNICIPIO",3507506,"141032",127328,61761,65567,26640,69448,31240,13057,35257,17253
2016,"MUNICIPIO",3507605,"162435",146744,72081,74663,30278,81571,34895,14774,41053,18836
2016,"MUNICIPIO",3507704,"5506",5021,2552,2469,1008,2637,1376,528,1252,689
2016,"MUNICIPIO",3507753,"2790",2573,1330,1243,565,1402,606,262,685,296
2016,"MUNICIPIO",3507803,"23780",21107,10465,10642,4647,11595,4865,2300,5763,2579
2016,"MUNICIPIO",3507902,"23641",21580,10711,10869,4786,11728,5066,2410,5811,2648
2016,"MUNICIPIO",3508009,"19655",18563,9501,9062,5246,9703,3614,2527,4787,1748
2016,"MUNICIPIO",3508108,"16714",15418,7732,7686,3024,8364,4030,1463,4178,2045
2016,"MUNICIPIO",3508207,"4377",4053,2073,1980,797,2176,1080,383,1059,538
2016,"MUNICIPIO",3508306,"4371",4365,2220,2145,1034,2351,980,486,1153,506
2016,"MUNICIPIO",3508405,"47210",41604,21080,20524,10717,24025,6862,5184,11833,3507
2016,"MUNICIPIO",3508504,"91883",84752,41996,42756,18557,47274,18921,8966,23747,10043
2016,"MUNICIPIO",3508603,"32536",30091,14749,15342,6529,16321,7241,3233,8214,3895
2016,"MUNICIPIO",3508702,"19001",18538,9285,9253,4410,9383,4745,2203,4694,2356
2016,"MUNICIPIO",3508801,"17573",16607,8174,8433,3401,8805,4401,1660,4421,2352
2016,"MUNICIPIO",3508900,"4208",4072,2091,1981,820,2187,1065,394,1059,528
2016,"MUNICIPIO",3509007,"97016",86529,42298,44231,20779,50317,15433,10199,25741,8291
2016,"MUNICIPIO",3509106,"5628",5039,2652,2387,1092,2678,1269,532,1242,613
2016,"MUNICIPIO",3509205,"72875",64114,31997,32117,16140,38103,9871,7878,19131,5108
2016,"MUNICIPIO",3509254,"28916",28372,14328,14044,7985,14892,5495,3902,7463,2679
2016,"MUNICIPIO",3509304,"10393",9768,5025,4743,1895,5425,2448,907,2577,1259
2016,"MUNICIPIO",3509403,"25445",23371,11699,11672,5406,12690,5275,2620,6295,2757
2016,"MUNICIPIO",3509452,"5932",5567,2853,2714,1366,2923,1278,644,1453,617
2016,"MUNICIPIO",3509502,"1173370",1080113,520865,559248,208236,616117,255760,102234,314658,142356
2016,"MUNICIPIO",3509601,"81693",74074,36392,37682,17115,42175,14784,8417,21379,7886
2016,"MUNICIPIO",3509700,"51157",47789,23393,24396,11523,27214,9052,5755,13806,4835
2016,"MUNICIPIO",3509809,"4870",4539,2339,2200,1103,2318,1118,514,1123,563
2016,"MUNICIPIO",3509908,"12606",12226,6134,6092,3225,6164,2837,1587,3060,1445
2016,"MUNICIPIO",3509957,"4914",4385,2223,2162,1183,2399,803,579,1176,407
2016,"MUNICIPIO",3510005,"31198",29884,14658,15226,6185,16046,7653,3067,8084,4075
2016,"MUNICIPIO",3510104,"2786",2668,1315,1353,440,1392,836,229,706,418
2016,"MUNICIPIO",3510153,"4956",4369,2216,2153,1276,2321,772,622,1139,392
2016,"MUNICIPIO",3510203,"47475",46178,23021,23157,11739,24615,9824,5671,12379,5107
2016,"MUNICIPIO",3510302,"19747",17532,9038,8494,4386,9675,3471,2244,4562,1688
2016,"MUNICIPIO",3510401,"53731",48576,24353,24223,11051,27494,10031,5420,13522,5281
2016,"MUNICIPIO",3510500,"115071",100840,49959,50881,23954,55018,21868,11893,27570,11418
2016,"MUNICIPIO",3510609,"394465",369584,179284,190300,89743,214196,65645,44388,109798,36114
2016,"MUNICIPIO",3510708,"12305",11805,5830,5975,2321,5985,3499,1143,2998,1834
2016,"MUNICIPIO",3510807,"30012",28307,14997,13310,5596,15581,7130,2747,6994,3569
2016,"MUNICIPIO",3510906,"2607",2634,1347,1287,557,1356,721,260,677,350
2016,"MUNICIPIO",3511003,"20120",18003,8975,9028,4029,9670,4304,1980,4863,2185
2016,"MUNICIPIO",3511102,"120092",112820,54776,58044,20480,61867,30473,10012,31225,16807
2016,"MUNICIPIO",3511201,"7652",7127,3632,3495,1439,4028,1660,737,1934,824
2016,"MUNICIPIO",3511300,"8870",7972,3977,3995,1486,4181,2305,716,2090,1189
2016,"MUNICIPIO",3511409,"19304",17532,8673,8859,4042,9313,4177,2028,4631,2200
2016,"MUNICIPIO",3511508,"45947",39617,19635,19982,8227,22506,8884,4056,11205,4721
2016,"MUNICIPIO",3511607,"17378",15540,8063,7477,3402,8783,3355,1690,4131,1656
2016,"MUNICIPIO",3511706,"16608",15085,7686,7399,3380,8473,3232,1653,4105,1641
2016,"MUNICIPIO",3511904,"8124",7065,3661,3404,1564,4089,1412,803,1872,729
2016,"MUNICIPIO",3512001,"18311",17371,8626,8745,3605,9599,4167,1748,4771,2226
2016,"MUNICIPIO",3512100,"6218",5994,3066,2928,1331,3397,1266,647,1642,639
2016,"MUNICIPIO",3512209,"27345",25229,12757,12472,6043,14273,4913,3008,6921,2543
2016,"MUNICIPIO",3512308,"17523",16288,8191,8097,3688,8362,4238,1735,4177,2185
2016,"MUNICIPIO",3512407,"23517",21080,10600,10480,4593,11926,4561,2232,5844,2404
2016,"MUNICIPIO",3512506,"5820",5238,2610,2628,1089,2876,1273,538,1450,640
2016,"MUNICIPIO",3512605,"4881",5001,2565,2436,1204,2535,1262,570,1239,627
2016,"MUNICIPIO",3512704,"4045",3874,1974,1900,888,2076,910,452,1006,442
2016,"MUNICIPIO",3512803,"67960",58827,29410,29417,13557,34197,11073,6667,16936,5814
2016,"MUNICIPIO",3512902,"7381",7214,3652,3562,1277,3611,2326,629,1780,1153
2016,"MUNICIPIO",3513009,"233696",201150,98455,102695,49360,115808,35982,24372,59265,19058
2016,"MUNICIPIO",3513108,"34384",31691,15889,15802,7036,17704,6951,3451,8660,3691
2016,"MUNICIPIO",3513207,"8343",7588,3874,3714,1704,4154,1730,857,2022,835
2016,"MUNICIPIO",3513306,"2185",2274,1110,1164,425,1228,621,215,612,337
2016,"MUNICIPIO",3513405,"81406",77039,37505,39534,16670,41966,18403,8184,21248,10102
2016,"MUNICIPIO",3513504,"127887",118720,59229,59491,28652,69290,20778,14006,34520,10965
2016,"MUNICIPIO",3513603,"22007",21866,11164,10702,4905,11612,5349,2400,5686,2616
2016,"MUNICIPIO",3513702,"33165",31056,15329,15727,6052,17118,7886,2967,8551,4209
2016,"MUNICIPIO",3513801,"415180",386089,186803,199286,90789,228584,66716,44980,117505,36801
2016,"MUNICIPIO",3513850,"1779",1689,875,814,293,875,521,130,429,255
2016,"MUNICIPIO",3513900,"11437",11208,5587,5621,1995,6030,3183,1013,3007,1601
2016,"MUNICIPIO",3514007,"8669",7939,4116,3823,1991,4588,1360,948,2166,709
2016,"MUNICIPIO",3514106,"26706",24761,12417,12344,5508,13427,5826,2720,6549,3075
2016,"MUNICIPIO",3514205,"2139",2096,1091,1005,381,1055,660,168,513,324
2016,"MUNICIPIO",3514304,"8903",8609,4364,4245,1611,4604,2394,760,2224,1261
2016,"MUNICIPIO",3514403,"46088",43258,21405,21853,7493,23222,12543,3703,11316,6834
2016,"MUNICIPIO",3514502,"12558",12251,5970,6281,2320,6404,3527,1132,3260,1889
2016,"MUNICIPIO",3514601,"9325",8143,4096,4047,1800,4679,1664,910,2296,841
2016,"MUNICIPIO",3514700,"6281",6318,3115,3203,1378,3283,1657,683,1655,865
2016,"MUNICIPIO",3514809,"15388",14641,7478,7163,4360,7199,3082,2122,3562,1479
2016,"MUNICIPIO",3514908,"17241",15775,8168,7607,3705,8943,3127,1805,4200,1602
2016,"MUNICIPIO",3514924,"3494",3120,1650,1470,584,1742,794,279,802,389
2016,"MUNICIPIO",3514957,"2479",2423,1259,1164,459,1328,636,220,642,302
2016,"MUNICIPIO",3515004,"264448",240230,116728,123502,61663,140494,38073,30283,72408,20811
2016,"MUNICIPIO",3515103,"67788",62769,31186,31583,16013,34587,12169,7852,17552,6179
2016,"MUNICIPIO",3515129,"3186",3020,1517,1503,570,1613,837,287,790,426
2016,"MUNICIPIO",3515152,"19059",15721,8233,7488,4001,9417,2303,1914,4421,1153
2016,"MUNICIPIO",3515186,"44036",41907,20507,21400,8196,22765,10946,4075,11443,5882
2016,"MUNICIPIO",3515194,"4668",4244,2145,2099,1079,2351,814,527,1156,416
2016,"MUNICIPIO",3515202,"8464",8208,4133,4075,1511,4411,2286,749,2168,1158
2016,"MUNICIPIO",3515301,"2765",2658,1370,1288,601,1480,577,277,714,297
2016,"MUNICIPIO",3515350,"9600",9585,4832,4753,2443,5140,2002,1182,2595,976
2016,"MUNICIPIO",3515400,"15994",15320,7426,7894,3292,8006,4022,1728,4064,2102
2016,"MUNICIPIO",3515509,"68399",64696,31518,33178,11625,34663,18408,5720,17562,9896
2016,"MUNICIPIO",3515608,"5771",5534,2726,2808,978,2845,1711,477,1459,872
2016,"MUNICIPIO",3515657,"1680",1563,794,769,335,797,431,181,390,198
2016,"MUNICIPIO",3515707,"186808",168306,82143,86163,43822,97327,27157,21578,49856,14729
2016,"MUNICIPIO",3515806,"1602",1752,880,872,322,875,555,148,438,286
2016,"MUNICIPIO",3515905,"2996",3003,1496,1507,440,1509,1054,199,747,561
2016,"MUNICIPIO",3516002,"14143",12848,7055,5793,2494,7323,3031,1221,3026,1546
2016,"MUNICIPIO",3516101,"2778",2829,1383,1446,590,1454,785,296,735,415
2016,"MUNICIPIO",3516200,"344704",318640,155464,163176,70543,177409,70688,34665,89976,38535
2016,"MUNICIPIO",3516309,"169942",154472,76636,77836,43295,87254,23923,21303,44110,12423
2016,"MUNICIPIO",3516408,"147650",131604,67462,64142,31585,77511,22508,15417,36925,11800
2016,"MUNICIPIO",3516507,"2791",2708,1375,1333,458,1432,818,214,705,414
2016,"MUNICIPIO",3516606,"6834",7011,3506,3505,1368,3594,2049,683,1785,1037
2016,"MUNICIPIO",3516705,"44557",43115,20970,22145,8845,22946,11324,4322,11687,6136
2016,"MUNICIPIO",3516804,"4634",4193,2298,1895,814,2410,969,413,977,505
2016,"MUNICIPIO",3516853,"4714",4419,2284,2135,1010,2549,860,483,1228,424
2016,"MUNICIPIO",3516903,"10956",10669,5352,5317,1954,5744,2971,934,2902,1481
2016,"MUNICIPIO",3517000,"11325",10765,5861,4904,2127,6086,2552,1099,2461,1344
2016,"MUNICIPIO",3517109,"4787",4565,2289,2276,1015,2388,1162,510,1184,582
2016,"MUNICIPIO",3517208,"11752",10670,5367,5303,2454,5901,2315,1185,2937,1181
2016,"MUNICIPIO",3517307,"5717",5425,2697,2728,1269,2851,1305,635,1413,680
2016,"MUNICIPIO",3517406,"40053",37404,18520,18884,7854,20836,8714,3841,10442,4601
2016,"MUNICIPIO",3517505,"20340",17869,9029,8840,3446,10189,4234,1727,4924,2189
2016,"MUNICIPIO",3517604,"17758",17998,9153,8845,4703,9302,3993,2279,4615,1951
2016,"MUNICIPIO",3517703,"20997",19858,9884,9974,4974,10732,4152,2479,5281,2214
2016,"MUNICIPIO",3517802,"8495",8435,4195,4240,1593,4388,2454,802,2185,1253
2016,"MUNICIPIO",3517901,"10872",9976,5084,4892,2213,5495,2268,1094,2656,1142
2016,"MUNICIPIO",3518008,"2018",1970,963,1007,394,1003,573,197,527,283
2016,"MUNICIPIO",3518107,"6662",6404,3218,3186,1573,3380,1451,756,1676,754
2016,"MUNICIPIO",3518206,"32502",30597,15091,15506,5985,16681,7931,2815,8410,4281
2016,"MUNICIPIO",3518305,"28664",25844,12998,12846,6003,14203,5638,2863,7107,2876
2016,"MUNICIPIO",3518404,"119753",112072,53946,58126,22646,61903,27523,11167,31721,15238
2016,"MUNICIPIO",3518503,"17213",14565,8927,5638,2740,9139,2686,1337,3046,1255
2016,"MUNICIPIO",3518602,"38861",35486,17912,17574,8348,20620,6518,4037,10106,3431
2016,"MUNICIPIO",3518701,"313421",290752,141711,149041,70843,164474,55435,34896,84126,30019
2016,"MUNICIPIO",3518800,"1337087",1221979,595043,626936,298521,706019,217439,147377,360052,119507
2016,"MUNICIPIO",3518859,"7496",6966,3579,3387,1687,3676,1603,835,1755,797
2016,"MUNICIPIO",3518909,"5142",4754,2436,2318,1070,2512,1172,508,1229,581
2016,"MUNICIPIO",3519006,"9338",8696,4351,4345,1964,4674,2058,985,2316,1044
2016,"MUNICIPIO",3519055,"13698",11299,5725,5574,2501,6573,2225,1208,3243,1123
2016,"MUNICIPIO",3519071,"219039",192692,97439,95253,45247,114732,32713,22161,56004,17088
2016,"MUNICIPIO",3519105,"11206",10013,5164,4849,2068,5500,2445,1036,2547,1266
2016,"MUNICIPIO",3519204,"6457",6419,3249,3170,1292,3386,1741,606,1657,907
2016,"MUNICIPIO",3519253,"8230",6376,4196,2180,1296,3816,1264,590,1160,430
2016,"MUNICIPIO",3519303,"33884",30734,15814,14920,7355,17913,5466,3472,8666,2782
2016,"MUNICIPIO",3519402,"11980",10896,5414,5482,2064,5855,2977,1059,2823,1600
2016,"MUNICIPIO",3519501,"7459",6725,3395,3330,1540,3589,1596,739,1754,837
2016,"MUNICIPIO",3519600,"58188",53158,26212,26946,10514,30190,12454,5198,15140,6608
2016,"MUNICIPIO",3519709,"77005",71217,36216,35001,17696,38633,14888,8663,18964,7374
2016,"MUNICIPIO",3519808,"8055",7462,3795,3667,1646,4186,1630,775,2025,867
2016,"MUNICIPIO",3519907,"8070",7628,3779,3849,1605,3987,2036,807,2014,1028
2016,"MUNICIPIO",3520004,"24525",23362,11653,11709,5081,13515,4766,2499,6723,2487
2016,"MUNICIPIO",3520103,"29902",27952,13842,14110,5826,15491,6635,2915,7555,3640
2016,"MUNICIPIO",3520202,"9397",8831,4522,4309,2104,4654,2073,994,2333,982
2016,"MUNICIPIO",3520301,"30519",28841,14462,14379,7135,14187,7519,3513,7114,3752
2016,"MUNICIPIO",3520400,"32782",28196,14329,13867,6889,16533,4774,3305,8139,2423
2016,"MUNICIPIO",3520426,"10476",9025,4475,4550,2099,4128,2798,1016,2191,1343
2016,"MUNICIPIO",3520442,"26443",25064,12199,12865,4647,13646,6771,2262,7069,3534
2016,"MUNICIPIO",3520509,"235367",201619,100178,101441,42458,117279,41882,20817,58453,22171
2016,"MUNICIPIO",3520608,"4936",4825,2423,2402,927,2650,1248,455,1278,669
2016,"MUNICIPIO",3520707,"3960",3903,1920,1983,659,1959,1285,334,969,680
2016,"MUNICIPIO",3520806,"3907",3630,1821,1809,747,1942,941,370,960,479
2016,"MUNICIPIO",3520905,"14674",13663,6893,6770,3221,7315,3127,1591,3536,1643
2016,"MUNICIPIO",3521002,"34149",28300,15209,13091,6870,16425,5005,3390,7255,2446
2016,"MUNICIPIO",3521101,"7047",6016,3110,2906,1462,3352,1202,740,1577,589
2016,"MUNICIPIO",3521150,"5101",4463,2267,2196,898,2364,1201,425,1179,592
2016,"MUNICIPIO",3521200,"4316",4299,2171,2128,1204,2181,914,621,1062,445
2016,"MUNICIPIO",3521309,"15752",14148,7210,6938,3341,8100,2707,1689,3838,1411
2016,"MUNICIPIO",3521408,"22914",20029,10046,9983,4211,11650,4168,2058,5766,2159
2016,"MUNICIPIO",3521507,"7827",7275,3803,3472,1503,3979,1793,762,1808,902
2016,"MUNICIPIO",3521606,"8217",7789,4532,3257,1195,4494,2100,566,1602,1089
2016,"MUNICIPIO",3521705,"17946",17858,9016,8842,4337,9402,4119,2102,4686,2054
2016,"MUNICIPIO",3521804,"26287",24008,12761,11247,5565,13493,4950,2767,6115,2365
2016,"MUNICIPIO",3521903,"15212",14556,7349,7207,2519,7713,4324,1184,3771,2252
2016,"MUNICIPIO",3522000,"3655",3246,1705,1541,730,1696,820,350,792,399
2016,"MUNICIPIO",3522109,"97439",87057,42192,44865,21461,42697,22899,10530,22086,12249
2016,"MUNICIPIO",3522158,"3339",3228,1687,1541,849,1516,863,382,748,411
2016,"MUNICIPIO",3522208,"169103",152614,76270,76344,39156,89119,24339,19244,44288,12812
2016,"MUNICIPIO",3522307,"158561",144377,72167,72210,33796,79522,31059,16534,38903,16773
2016,"MUNICIPIO",3522406,"93145",87753,43243,44510,22532,47880,17341,11014,24438,9058
2016,"MUNICIPIO",3522505,"226488",200769,98746,102023,55242,115861,29666,27045,58979,15999
2016,"MUNICIPIO",3522604,"73410",68537,33950,34587,12676,37675,18186,6261,18770,9556
2016,"MUNICIPIO",3522653,"4161",3880,2002,1878,1183,1942,755,579,954,345
2016,"MUNICIPIO",3522703,"42547",40051,19867,20184,7629,22039,10383,3843,10835,5506
2016,"MUNICIPIO",3522802,"15140",14549,7280,7269,3462,7312,3775,1713,3619,1937
2016,"MUNICIPIO",3522901,"13475",12173,6150,6023,2756,6617,2800,1326,3230,1467
2016,"MUNICIPIO",3523008,"4760",4357,2257,2100,986,2349,1022,474,1123,503
2016,"MUNICIPIO",3523107,"356774",321770,158542,163228,89433,184645,47692,43839,94161,25228
2016,"MUNICIPIO",3523206,"50243",47934,23523,24411,11817,25626,10491,5882,12987,5542
2016,"MUNICIPIO",3523305,"16913",15471,7794,7677,4478,7863,3130,2195,3946,1536
2016,"MUNICIPIO",3523404,"114912",101471,50147,51324,20953,58170,22348,10349,29223,11752
2016,"MUNICIPIO",3523503,"19951",18052,9230,8822,4703,10053,3296,2263,4861,1698
2016,"MUNICIPIO",3523602,"17377",15524,9154,6370,2875,9752,2897,1397,3488,1485
2016,"MUNICIPIO",3523701,"6363",5914,3013,2901,1489,3081,1344,733,1520,648
2016,"MUNICIPIO",3523800,"7842",7546,3908,3638,1601,4133,1812,766,1954,918
2016,"MUNICIPIO",3523909,"168643",154147,76219,77928,33738,88006,32403,16443,44112,17373
2016,"MUNICIPIO",3524006,"55596",44859,22793,22066,10761,26526,7572,5235,13007,3824
2016,"MUNICIPIO",3524105,"41206",38695,18874,19821,7898,20741,10056,3918,10494,5409
2016,"MUNICIPIO",3524204,"6900",6592,3338,3254,1360,3676,1556,681,1756,817
2016,"MUNICIPIO",3524303,"76196",71662,34794,36868,14129,39376,18157,7068,19864,9936
2016,"MUNICIPIO",3524402,"228214",211214,103092,108122,46819,117752,46643,22987,60041,25094
2016,"MUNICIPIO",3524501,"6609",5657,2892,2765,1183,3305,1169,569,1617,579
2016,"MUNICIPIO",3524600,"17876",17208,8777,8431,4548,8936,3724,2174,4421,1836
2016,"MUNICIPIO",3524709,"53069",44311,22004,22307,9410,25782,9119,4610,12886,4811
2016,"MUNICIPIO",3524808,"49017",47012,22986,24026,8380,25315,13317,4052,12853,7121
2016,"MUNICIPIO",3524907,"6200",5349,2769,2580,1233,2919,1197,622,1402,556
2016,"MUNICIPIO",3525003,"120177",108344,53063,55281,27126,64464,16754,13309,32998,8974
2016,"MUNICIPIO",3525102,"42358",37661,18949,18712,8850,20487,8324,4239,10107,4366
2016,"MUNICIPIO",3525201,"28012",23847,12005,11842,5574,13273,5000,2830,6507,2505
2016,"MUNICIPIO",3525300,"144828",131040,64214,66826,26513,72547,31980,12864,36540,17422
2016,"MUNICIPIO",3525409,"3209",3160,1622,1538,798,1721,641,386,833,319
2016,"MUNICIPIO",3525508,"12837",11768,5927,5841,2342,6331,3095,1135,3152,1554
2016,"MUNICIPIO",3525607,"4442",4150,2098,2052,973,2347,830,454,1167,431
2016,"MUNICIPIO",3525706,"35872",32763,16351,16412,6646,18324,7793,3271,9111,4030
2016,"MUNICIPIO",3525805,"4710",4430,2179,2251,1055,2312,1063,537,1165,549
2016,"MUNICIPIO",3525854,"3190",2798,1444,1354,601,1604,593,292,761,301
2016,"MUNICIPIO",3525904,"405740",370126,180049,190077,70862,207173,92091,34782,104758,50537
2016,"MUNICIPIO",3526001,"20211",18726,9921,8805,3346,10225,5155,1605,4523,2677
2016,"MUNICIPIO",3526100,"19274",19246,9740,9506,5216,9485,4545,2481,4847,2178
2016,"MUNICIPIO",3526209,"30837",28737,14543,14194,7749,15331,5657,3772,7678,2744
2016,"MUNICIPIO",3526308,"4949",4841,2479,2362,1002,2447,1392,501,1201,660
2016,"MUNICIPIO",3526407,"27640",25251,12465,12786,5294,13474,6483,2605,6727,3454
2016,"MUNICIPIO",3526506,"10876",8779,6183,2596,1011,6251,1517,479,1369,748
2016,"MUNICIPIO",3526605,"7102",6590,3320,3270,1737,3652,1201,818,1834,618
2016,"MUNICIPIO",3526704,"100296",91756,46030,45726,20605,51927,19224,10114,25401,10211
2016,"MUNICIPIO",3526803,"66664",61428,30498,30930,13620,34744,13064,6774,17279,6877
2016,"MUNICIPIO",3526902,"298701",276022,135628,140394,56847,155303,63872,27823,78595,33976
2016,"MUNICIPIO",3527009,"7591",6712,3326,3386,1420,3633,1659,691,1846,849
2016,"MUNICIPIO",3527108,"76562",71432,34681,36751,13901,38930,18601,6727,19593,10431
2016,"MUNICIPIO",3527207,"87584",82537,39858,42679,18113,44841,19583,8872,22892,10915
2016,"MUNICIPIO",3527256,"2260",2128,1107,1021,382,1137,609,179,538,304
2016,"MUNICIPIO",3527306,"44904",37125,18801,18324,8192,23055,5878,4036,11225,3063
2016,"MUNICIPIO",3527405,"21330",19882,10559,9323,3830,10959,5093,1789,4884,2650
2016,"MUNICIPIO",3527504,"2372",2249,1118,1131,517,1088,644,256,526,349
2016,"MUNICIPIO",3527603,"13703",11286,5832,5454,2885,6575,1826,1331,3189,934
2016,"MUNICIPIO",3527702,"5573",5030,2612,2418,1047,2800,1183,499,1297,622
2016,"MUNICIPIO",3527801,"4561",4353,2121,2232,1039,2278,1036,538,1153,541
2016,"MUNICIPIO",3527900,"2717",2714,1354,1360,575,1433,706,267,717,376
2016,"MUNICIPIO",3528007,"17063",16259,8152,8107,3730,9024,3505,1795,4497,1815
2016,"MUNICIPIO",3528106,"8060",7663,3880,3783,1328,4000,2335,640,1939,1204
2016,"MUNICIPIO",3528205,"3741",3664,1837,1827,668,1864,1132,323,939,565
2016,"MUNICIPIO",3528304,"3200",3200,1651,1549,549,1656,995,245,801,503
2016,"MUNICIPIO",3528403,"46294",43223,21538,21685,10358,24043,8822,5022,12108,4555
2016,"MUNICIPIO",3528502,"93981",80956,40975,39981,18990,45547,16419,9037,22841,8103
2016,"MUNICIPIO",3528601,"9653",8992,4519,4473,1921,4814,2257,927,2390,1156
2016,"MUNICIPIO",3528700,"5524",4812,3048,1764,775,3121,916,368,955,441
2016,"MUNICIPIO",3528809,"13948",13332,6663,6669,2812,7347,3173,1413,3608,1648
2016,"MUNICIPIO",3528858,"2917",2633,1349,1284,495,1423,715,242,695,347
2016,"MUNICIPIO",3528908,"4079",3916,2021,1895,776,2106,1034,376,1006,513
2016,"MUNICIPIO",3529005,"233639",216745,104726,112019,42759,119600,54386,20881,61009,30129
2016,"MUNICIPIO",3529104,"2145",2113,1063,1050,423,1136,554,206,564,280
2016,"MUNICIPIO",3529203,"25966",24219,12601,11618,4909,13379,5931,2353,6127,3138
2016,"MUNICIPIO",3529302,"81878",76786,38033,38753,15135,43754,17897,7402,22081,9270
2016,"MUNICIPIO",3529401,"457696",417064,204093,212971,95972,245569,75523,47446,125044,40481
2016,"MUNICIPIO",3529500,"5232",4640,2357,2283,871,2520,1249,426,1234,623
2016,"MUNICIPIO",3529609,"3902",3855,1892,1963,721,2060,1074,363,1048,552
2016,"MUNICIPIO",3529658,"1928",1886,957,929,396,971,519,197,486,246
2016,"MUNICIPIO",3529708,"21852",20451,10204,10247,4758,11291,4402,2414,5561,2272
2016,"MUNICIPIO",3529807,"12757",12038,5992,6046,2704,6475,2859,1351,3214,1481
2016,"MUNICIPIO",3529906,"20409",20592,10412,10180,5862,10372,4358,2903,5214,2063
2016,"MUNICIPIO",3530003,"3027",2820,1401,1419,539,1384,897,274,699,446
2016,"MUNICIPIO",3530102,"29181",27483,15055,12428,4562,15865,7056,2268,6490,3670
2016,"MUNICIPIO",3530201,"18056",17059,8663,8396,3820,8788,4451,1834,4329,2233
2016,"MUNICIPIO",3530300,"58314",53792,26402,27390,10209,30083,13500,5006,15079,7305
2016,"MUNICIPIO",3530409,"4714",4295,2193,2102,896,2238,1161,423,1112,567
2016,"MUNICIPIO",3530508,"68897",66290,33059,33231,13325,35819,17146,6487,17701,9043
2016,"MUNICIPIO",3530607,"429321",387779,188857,198922,92234,215700,79845,45430,110225,43267
2016,"MUNICIPIO",3530706,"148327",137245,68094,69151,28231,77367,31647,13905,38764,16482
2016,"MUNICIPIO",3530805,"91929",86505,42597,43908,16928,47988,21589,8343,23929,11636
2016,"MUNICIPIO",3530904,"3456",3266,1663,1603,784,1803,679,378,874,351
2016,"MUNICIPIO",3531001,"2242",2132,1101,1031,361,1110,661,175,525,331
2016,"MUNICIPIO",3531100,"53384",46293,23098,23195,11057,22998,12238,5434,11273,6488
2016,"MUNICIPIO",3531209,"7804",7152,3581,3571,1346,3812,1994,684,1857,1030
2016,"MUNICIPIO",3531308,"49721",46642,22978,23664,8646,25542,12454,4221,12790,6653
2016,"MUNICIPIO",3531407,"24128",21746,10814,10932,3947,11901,5898,1942,5870,3120
2016,"MUNICIPIO",3531506,"19268",18931,9491,9440,3735,10424,4772,1759,5187,2494
2016,"MUNICIPIO",3531605,"4189",4063,2011,2052,749,2047,1267,375,1013,664
2016,"MUNICIPIO",3531704,"4509",4120,2150,1970,956,2090,1074,461,1016,493
2016,"MUNICIPIO",3531803,"56335",48949,24472,24477,11844,28014,9091,5799,13999,4679
2016,"MUNICIPIO",3531902,"31923",29116,14879,14237,7005,16838,5273,3418,8076,2743
2016,"MUNICIPIO",3532009,"13085",11769,5895,5874,2605,6607,2557,1298,3290,1286
2016,"MUNICIPIO",3532058,"4642",4290,2162,2128,932,2417,941,462,1199,467
2016,"MUNICIPIO",3532108,"4434",4186,2097,2089,766,2080,1340,382,1017,690
2016,"MUNICIPIO",3532157,"3014",2707,1357,1350,695,1491,521,346,731,273
2016,"MUNICIPIO",3532207,"4702",4288,2170,2118,1020,2393,875,505,1186,427
2016,"MUNICIPIO",3532306,"6770",6678,3486,3192,1461,3246,1971,754,1517,921
2016,"MUNICIPIO",3532405,"17959",16414,8454,7960,3613,8755,4046,1765,4235,1960
2016,"MUNICIPIO",3532504,"9003",8772,4363,4409,1361,4686,2725,664,2308,1437
2016,"MUNICIPIO",3532603,"11351",10725,5281,5444,1711,5592,3422,845,2801,1798
2016,"MUNICIPIO",3532702,"4916",4274,2262,2012,880,2489,905,414,1156,442
2016,"MUNICIPIO",3532801,"6645",5891,2922,2969,1183,3090,1618,582,1553,834
2016,"MUNICIPIO",3532827,"9406",8515,4345,4170,2567,4626,1322,1266,2263,641
2016,"MUNICIPIO",3532843,"2005",2114,1076,1038,349,999,766,172,491,375
2016,"MUNICIPIO",3532868,"1228",1125,556,569,241,592,292,118,308,143
2016,"MUNICIPIO",3532900,"10599",9300,4649,4651,2167,5222,1911,1104,2575,972
2016,"MUNICIPIO",3533007,"20896",19180,9659,9521,3932,10592,4656,1950,5154,2417
2016,"MUNICIPIO",3533106,"2296",2177,1102,1075,424,1041,712,193,516,366
2016,"MUNICIPIO",3533205,"3667",3068,1525,1543,735,1694,639,370,849,324
2016,"MUNICIPIO",3533254,"5421",4592,2479,2113,1105,2684,803,520,1190,403
2016,"MUNICIPIO",3533304,"3899",3441,1820,1621,739,1901,801,354,867,400
2016,"MUNICIPIO",3533403,"57504",51242,25345,25897,10508,29463,11271,5232,14726,5939
2016,"MUNICIPIO",3533502,"39888",36593,18271,18322,7390,19708,9495,3640,9731,4951
2016,"MUNICIPIO",3533601,"7299",6817,3410,3407,1393,3723,1701,678,1833,896
2016,"MUNICIPIO",3533700,"4305",4163,2137,2026,917,2177,1069,450,1057,519
2016,"MUNICIPIO",3533809,"2605",2673,1344,1329,565,1264,844,284,632,413
2016,"MUNICIPIO",3533908,"53702",50024,24685,25339,9842,27154,13028,4834,13520,6985
2016,"MUNICIPIO",3534005,"4248",3884,1993,1891,875,2136,873,406,1061,424
2016,"MUNICIPIO",3534104,"6447",6097,2985,3112,1187,3252,1658,602,1650,860
2016,"MUNICIPIO",3534203,"6614",5675,2899,2776,1320,3385,970,645,1643,488
2016,"MUNICIPIO",3534302,"42996",39781,19495,20286,8270,22435,9076,4105,11333,4848
2016,"MUNICIPIO",3534401,"696382",666740,320436,346304,148035,385179,133526,73347,198351,74606
2016,"MUNICIPIO",3534500,"2615",2537,1217,1320,443,1263,831,227,658,435
2016,"MUNICIPIO",3534609,"32593",30917,15554,15363,5298,16460,9159,2668,7806,4889
2016,"MUNICIPIO",3534708,"111056",103035,49981,53054,21852,55940,25243,10648,28574,13832
2016,"MUNICIPIO",3534757,"9733",8405,4190,4215,1720,4671,2014,848,2332,1035
2016,"MUNICIPIO",3534807,"8386",7800,3866,3934,1772,4152,1876,885,2090,959
2016,"MUNICIPIO",3534906,"14024",13226,7744,5482,2013,7781,3432,981,2754,1747
2016,"MUNICIPIO",3535002,"12388",11051,5595,5456,2025,5937,3089,987,2896,1573
2016,"MUNICIPIO",3535101,"12536",10934,5861,5073,2543,6766,1625,1270,2989,814
2016,"MUNICIPIO",3535200,"9545",9584,4805,4779,1746,4768,3070,833,2370,1576
2016,"MUNICIPIO",3535309,"22146",21186,10353,10833,4199,10882,6105,2048,5505,3280
2016,"MUNICIPIO",3535408,"15539",14583,7312,7271,3529,7865,3189,1724,3893,1654
2016,"MUNICIPIO",3535507,"45027",42278,21259,21019,9069,23394,9815,4473,11224,5322
2016,"MUNICIPIO",3535606,"18166",17388,8837,8551,4007,9297,4084,1963,4596,1992
2016,"MUNICIPIO",3535705,"6330",5898,3012,2886,1202,3202,1494,608,1532,746
2016,"MUNICIPIO",3535804,"19545",17808,9062,8746,4507,9766,3535,2168,4873,1705
2016,"MUNICIPIO",3535903,"4035",3815,1950,1865,783,1977,1055,377,960,528
2016,"MUNICIPIO",3536000,"11085",10844,5535,5309,2065,5599,3180,959,2736,1614
2016,"MUNICIPIO",3536109,"6191",5582,2844,2738,1398,2950,1234,676,1445,617
2016,"MUNICIPIO",3536208,"19465",18446,9138,9308,4567,9817,4062,2238,5035,2035
2016,"MUNICIPIO",3536257,"2142",2032,1044,988,363,1048,621,171,523,294
2016,"MUNICIPIO",3536307,"14223",13000,6596,6404,3017,7044,2939,1506,3431,1467
2016,"MUNICIPIO",3536406,"7065",6339,3290,3049,1517,3498,1324,721,1676,652
2016,"MUNICIPIO",3536505,"100128",82146,40668,41478,18457,48680,15009,9153,24464,7861
2016,"MUNICIPIO",3536570,"1840",1779,919,860,396,946,437,210,444,206
2016,"MUNICIPIO",3536604,"8939",8589,4299,4290,1867,4657,2065,907,2334,1049
2016,"MUNICIPIO",3536703,"45314",41497,20861,20636,9527,22934,9036,4606,11344,4686
2016,"MUNICIPIO",3536802,"6062",5780,3030,2750,1211,3031,1538,575,1428,747
2016,"MUNICIPIO",3536901,"2558",2558,1314,1244,475,1265,818,223,615,406
2016,"MUNICIPIO",3537008,"16582",15700,7985,7715,3597,8626,3477,1741,4208,1766
2016,"MUNICIPIO",3537107,"46094",41558,20605,20953,8276,23921,9361,4060,11904,4989
2016,"MUNICIPIO",3537156,"3079",2940,1463,1477,601,1589,750,289,791,397
2016,"MUNICIPIO",3537206,"11053",10204,5156,5048,2751,4982,2471,1359,2539,1150
2016,"MUNICIPIO",3537305,"62409",58510,28568,29942,11500,31255,15755,5735,15697,8510
2016,"MUNICIPIO",3537404,"25779",24962,12270,12692,5154,13467,6341,2522,6767,3403
2016,"MUNICIPIO",3537503,"8312",7454,3786,3668,1666,3916,1872,777,1933,958
2016,"MUNICIPIO",3537602,"65907",59773,29140,30633,14780,29443,15550,7269,15101,8263
2016,"MUNICIPIO",3537701,"5793",5287,2662,2625,1067,2852,1368,518,1411,696
2016,"MUNICIPIO",3537800,"54907",52143,26578,25565,11914,28135,12094,5835,13794,5936
2016,"MUNICIPIO",3537909,"28516",26406,13415,12991,6362,14264,5780,3084,7071,2836
2016,"MUNICIPIO",3538006,"162327",146995,72288,74707,33887,81941,31167,16669,41616,16422
2016,"MUNICIPIO",3538105,"16501",15039,7692,7347,2823,8135,4081,1348,3869,2130
2016,"MUNICIPIO",3538204,"14595",13105,6593,6512,2729,6666,3710,1354,3244,1914
2016,"MUNICIPIO",3538303,"3686",3537,1753,1784,701,1887,949,330,972,482
2016,"MUNICIPIO",3538501,"14048",14107,6817,7290,2849,7443,3815,1407,3794,2089
2016,"MUNICIPIO",3538600,"26841",25116,12514,12602,5403,13651,6062,2672,6761,3169
2016,"MUNICIPIO",3538709,"394419",364571,178345,186226,74383,203880,86308,36428,102695,47103
2016,"MUNICIPIO",3538808,"29728",28475,13826,14649,6063,14763,7649,2937,7560,4152
2016,"MUNICIPIO",3538907,"24762",22704,12570,10134,3940,13175,5589,1901,5258,2975
2016,"MUNICIPIO",3539004,"11272",10623,5393,5230,1930,5730,2963,923,2781,1526
2016,"MUNICIPIO",3539103,"17913",15733,7818,7915,4566,8743,2424,2241,4437,1237
2016,"MUNICIPIO",3539202,"26810",24694,12082,12612,5236,13671,5787,2568,6915,3129
2016,"MUNICIPIO",3539301,"75035",70081,34297,35784,14039,37929,18113,6874,19073,9837
2016,"MUNICIPIO",3539400,"13216",12072,5986,6086,2482,6350,3240,1212,3173,1701
2016,"MUNICIPIO",3539509,"38554",35307,18009,17298,8792,20076,6439,4181,9755,3362
2016,"MUNICIPIO",3539608,"5005",4463,2313,2150,1025,2494,944,471,1219,460
2016,"MUNICIPIO",3539707,"3461",3192,1660,1532,774,1651,767,367,797,368
2016,"MUNICIPIO",3539806,"114650",106013,51292,54721,25452,60381,20180,12530,31049,11142
2016,"MUNICIPIO",3539905,"5884",5395,2671,2724,983,2828,1584,492,1355,877
2016,"MUNICIPIO",3540002,"21526",19964,9793,10171,4043,10887,5034,1927,5559,2685
2016,"MUNICIPIO",3540101,"3494",3481,1793,1688,580,1790,1111,270,863,555
2016,"MUNICIPIO",3540200,"46818",40244,21175,19069,9985,24312,5947,4893,11145,3031
2016,"MUNICIPIO",3540259,"4476",4074,2160,1914,888,2268,918,395,1063,456
2016,"MUNICIPIO",3540309,"2593",2518,1256,1262,505,1298,715,254,654,354
2016,"MUNICIPIO",3540408,"4254",4223,2139,2084,788,2121,1314,378,1055,651
2016,"MUNICIPIO",3540507,"9434",8326,4276,4050,1768,4164,2394,877,2015,1158
2016,"MUNICIPIO",3540606,"52221",48893,24535,24358,10671,27309,10913,5276,13412,5670
2016,"MUNICIPIO",3540705,"55100",51400,25502,25898,10697,28557,12146,5203,14219,6476
2016,"MUNICIPIO",3540754,"22911",19397,10974,8423,4446,12005,2946,2222,4690,1511
2016,"MUNICIPIO",3540804,"16857",15449,7852,7597,2797,8471,4181,1359,4094,2144
2016,"MUNICIPIO",3540853,"3659",2858,2080,778,345,2062,451,180,389,209
2016,"MUNICIPIO",3540903,"20169",17377,8882,8495,3861,10133,3383,1899,4862,1734
2016,"MUNICIPIO",3541000,"304705",262051,125926,136125,61764,139661,60626,30515,71755,33855
2016,"MUNICIPIO",3541059,"5074",4599,2379,2220,1152,2586,861,557,1235,428
2016,"MUNICIPIO",3541109,"4167",4123,2038,2085,837,2204,1082,413,1102,570
2016,"MUNICIPIO",3541208,"13494",13570,6683,6887,2386,7163,4021,1152,3588,2147
2016,"MUNICIPIO",3541307,"43718",41318,20217,21101,9238,22584,9496,4520,11493,5088
2016,"MUNICIPIO",3541406,"223749",207610,99894,107716,40886,114584,52140,19982,58785,28949
2016,"MUNICIPIO",3541505,"39476",37910,18911,18999,6984,20880,10046,3405,10155,5439
2016,"MUNICIPIO",3541604,"39139",35674,17756,17918,7819,19531,8324,3909,9684,4325
2016,"MUNICIPIO",3541653,"3634",3236,1707,1529,738,1696,802,350,814,365
2016,"MUNICIPIO",3541703,"13798",12799,6393,6406,2892,7090,2817,1433,3480,1493
2016,"MUNICIPIO",3541802,"3217",2808,1424,1384,739,1518,551,379,727,278
2016,"MUNICIPIO",3541901,"12777",11309,5757,5552,2642,6386,2281,1321,3062,1169
2016,"MUNICIPIO",3542008,"6484",6004,2969,3035,1238,3255,1511,612,1616,807
2016,"MUNICIPIO",3542107,"9030",8612,4257,4355,1854,4814,1944,923,2412,1020
2016,"MUNICIPIO",3542206,"29799",28804,14153,14651,6067,15593,7144,2962,7867,3822
2016,"MUNICIPIO",3542305,"3919",3873,2017,1856,905,1918,1050,431,945,480
2016,"MUNICIPIO",3542404,"19860",18494,9188,9306,3782,10082,4630,1813,5039,2454
2016,"MUNICIPIO",3542503,"8844",7323,4681,2642,1101,4776,1446,538,1367,737
2016,"MUNICIPIO",3542602,"56356",54261,26656,27605,13459,28983,11819,6523,14919,6163
2016,"MUNICIPIO",3542701,"7304",6587,3296,3291,1760,3574,1253,883,1798,610
2016,"MUNICIPIO",3542800,"3399",3358,1743,1615,866,1589,903,411,762,442
2016,"MUNICIPIO",3542909,"12986",12135,6104,6031,2861,6635,2639,1388,3271,1372
2016,"MUNICIPIO",3543006,"17430",18269,9396,8873,5429,9608,3232,2655,4722,1496
2016,"MUNICIPIO",3543105,"4612",4273,2218,2055,1087,2327,859,531,1105,419
2016,"MUNICIPIO",3543204,"4572",4446,2231,2215,920,2291,1235,440,1151,624
2016,"MUNICIPIO",3543238,"2244",2187,1089,1098,428,1079,680,209,549,340
2016,"MUNICIPIO",3543253,"7690",7422,3795,3627,1801,4019,1602,907,1948,772
2016,"MUNICIPIO",3543303,"121130",113068,55318,57750,23457,64313,25298,11390,32799,13561
2016,"MUNICIPIO",3543402,"674405",604682,290171,314511,117314,343716,143652,58028,175239,81244
2016,"MUNICIPIO",3543501,"5866",6163,3047,3116,1465,2993,1705,772,1483,861
2016,"MUNICIPIO",3543600,"3608",3436,1724,1712,719,1792,925,341,891,480
2016,"MUNICIPIO",3543709,"10809",10414,5244,5170,2470,5653,2291,1206,2782,1182
2016,"MUNICIPIO",3543808,"10116",9935,5051,4884,1878,5078,2979,909,2439,1536
2016,"MUNICIPIO",3543907,"201473",186253,90687,95566,36560,104002,45691,17926,52342,25298
2016,"MUNICIPIO",3544004,"33464",29501,14914,14587,6828,17181,5492,3396,8321,2870
2016,"MUNICIPIO",3544103,"48861",43974,21804,22170,11054,25461,7459,5430,12824,3916
2016,"MUNICIPIO",3544202,"11928",10575,6022,4553,2199,6348,2028,1069,2471,1013
2016,"MUNICIPIO",3544251,"18124",19691,9780,9911,4743,10629,4319,2279,5549,2083
2016,"MUNICIPIO",3544301,"10429",9599,4842,4757,2199,5439,1961,1055,2659,1043
2016,"MUNICIPIO",3544400,"3015",2729,1392,1337,610,1539,580,303,758,276
2016,"MUNICIPIO",3544509,"3081",2862,1415,1447,526,1369,967,255,719,473
2016,"MUNICIPIO",3544608,"5526",5217,2623,2594,1042,2657,1518,495,1316,783
2016,"MUNICIPIO",3544707,"2454",2395,1191,1204,517,1202,676,265,586,353
2016,"MUNICIPIO",3544806,"6074",5451,2789,2662,1121,2803,1527,522,1395,745
2016,"MUNICIPIO",3544905,"11541",10568,5241,5327,2145,5784,2639,1021,2903,1403
2016,"MUNICIPIO",3545001,"16797",15635,7906,7729,3831,8298,3506,1877,4100,1752
2016,"MUNICIPIO",3545100,"5187",4818,2477,2341,1050,2527,1241,517,1198,626
2016,"MUNICIPIO",3545159,"7919",7059,3519,3540,1301,3894,1864,632,1962,946
2016,"MUNICIPIO",3545209,"115193",105516,52132,53384,22477,60613,22426,11134,30362,11888
2016,"MUNICIPIO",3545308,"43990",40132,19949,20183,9360,21873,8899,4625,10947,4611
2016,"MUNICIPIO",3545407,"9255",8787,4353,4434,2006,4488,2293,985,2247,1202
2016,"MUNICIPIO",3545506,"4126",3699,1885,1814,939,2020,740,442,1011,361
2016,"MUNICIPIO",3545605,"15255",14333,7164,7169,2971,7800,3562,1482,3792,1895
2016,"MUNICIPIO",3545704,"5985",5723,2905,2818,976,2919,1828,464,1411,943
2016,"MUNICIPIO",3545803,"191024",180009,89222,90787,35098,104272,40639,17028,52190,21569
2016,"MUNICIPIO",3546009,"14601",13763,6875,6888,3057,7384,3322,1522,3680,1686
2016,"MUNICIPIO",3546108,"2136",2084,1073,1011,389,1058,637,182,506,323
2016,"MUNICIPIO",3546207,"4371",4002,1980,2022,812,2071,1119,410,1051,561
2016,"MUNICIPIO",3546256,"2097",1953,966,987,469,984,500,231,507,249
2016,"MUNICIPIO",3546306,"33106",29932,15222,14710,6738,16994,6200,3282,8197,3231
2016,"MUNICIPIO",3546405,"46893",43921,21512,22409,9459,23123,11339,4679,11662,6068
2016,"MUNICIPIO",3546504,"5672",5568,2852,2716,1255,3289,1024,609,1587,520
2016,"MUNICIPIO",3546603,"31578",29239,14084,15155,5205,15652,8382,2587,8043,4525
2016,"MUNICIPIO",3546702,"25192",21634,10954,10680,5162,12947,3525,2602,6262,1816
2016,"MUNICIPIO",3546801,"55476",50453,25248,25205,11809,27894,10750,5756,13907,5542
2016,"MUNICIPIO",3546900,"8723",8248,4130,4118,1968,4706,1574,1006,2292,820
2016,"MUNICIPIO",3547007,"5962",5413,2746,2667,1287,3030,1096,674,1453,540
2016,"MUNICIPIO",3547106,"2941",2831,1423,1408,645,1464,722,323,722,363
2016,"MUNICIPIO",3547205,"1573",1641,841,800,241,789,611,121,383,296
2016,"MUNICIPIO",3547304,"129261",108813,53671,55142,26954,62368,19491,13175,32026,9941
2016,"MUNICIPIO",3547403,"2554",2543,1264,1279,387,1236,920,177,631,471
2016,"MUNICIPIO",3547502,"27546",26478,12813,13665,4633,13573,8272,2306,6847,4512
2016,"MUNICIPIO",3547601,"25869",23862,11781,12081,4948,12969,5945,2459,6466,3156
2016,"MUNICIPIO",3547650,"1530",1447,743,704,235,720,492,120,341,243
2016,"MUNICIPIO",3547700,"21037",20475,9982,10493,4077,10827,5571,2010,5482,3001
2016,"MUNICIPIO",3547809,"712749",676407,324458,351949,128464,376175,171768,63126,192149,96674
2016,"MUNICIPIO",3547908,"6785",6304,3260,3044,1291,3287,1726,628,1563,853
2016,"MUNICIPIO",3548005,"22597",20650,10412,10238,4796,11569,4285,2329,5724,2185
2016,"MUNICIPIO",3548054,"8228",7626,3879,3747,1608,4352,1666,810,2100,837
2016,"MUNICIPIO",3548104,"6041",5943,3045,2898,1211,3130,1602,604,1516,778
2016,"MUNICIPIO",3548203,"6784",6486,3269,3217,1550,3471,1465,762,1712,743
2016,"MUNICIPIO",3548302,"3035",2803,1403,1400,552,1453,798,274,708,418
2016,"MUNICIPIO",3548401,"4650",4277,2167,2110,963,2374,940,480,1138,492
2016,"MUNICIPIO",3548500,"434359",419400,191912,227488,70251,213860,135289,34243,112780,80465
2016,"MUNICIPIO",3548609,"10880",10468,5271,5197,2221,5462,2785,1105,2728,1364
2016,"MUNICIPIO",3548708,"822242",765463,369626,395837,158745,444520,162198,78218,228124,89495
2016,"MUNICIPIO",3548807,"158825",149263,68853,80410,22730,77976,48557,11079,40911,28420
2016,"MUNICIPIO",3548906,"243765",221950,108914,113036,43110,124751,54089,21162,62361,29513
2016,"MUNICIPIO",3549003,"2854",2793,1400,1393,547,1377,869,275,679,439
2016,"MUNICIPIO",3549102,"89564",83639,40546,43093,15734,45305,22600,7751,22969,12373
2016,"MUNICIPIO",3549201,"2607",2566,1290,1276,524,1361,681,257,677,342
2016,"MUNICIPIO",3549250,"1894",1780,898,882,341,952,487,161,471,250
2016,"MUNICIPIO",3549300,"2136",2103,1057,1046,365,991,747,175,494,377
2016,"MUNICIPIO",3549409,"50520",46512,22792,23720,9650,25986,10876,4758,13046,5916
2016,"MUNICIPIO",3549508,"8854",8406,4312,4094,2221,4518,1667,1145,2108,841
2016,"MUNICIPIO",3549607,"4183",4077,2047,2030,1024,2069,984,511,1036,483
2016,"MUNICIPIO",3549706,"54563",51900,25547,26353,9924,28002,13974,4801,14120,7432
2016,"MUNICIPIO",3549805,"446649",408258,196016,212242,73784,229733,104741,36251,117724,58267
2016,"MUNICIPIO",3549904,"695992",629921,308624,321297,137164,361454,131303,67343,183781,70173
2016,"MUNICIPIO",3549953,"15323",13973,7087,6886,3377,7729,2867,1635,3851,1400
2016,"MUNICIPIO",3550001,"10735",10397,5318,5079,2132,5512,2753,1030,2715,1334
2016,"MUNICIPIO",3550100,"40532",38342,18766,19576,8362,21055,8925,4187,10573,4816
2016,"MUNICIPIO",3550209,"32840",31450,15995,15455,7897,16980,6573,3862,8315,3278
2016,"MUNICIPIO",3550308,"12038175",11253503,5328632,5924871,2336636,6362958,2553909,1150899,3301784,1472188
2016,"MUNICIPIO",3550407,"34595",31662,15423,16239,6630,16465,8567,3287,8302,4650
2016,"MUNICIPIO",3550506,"7596",7198,3670,3528,1721,3721,1756,842,1818,868
2016,"MUNICIPIO",3550605,"87506",78821,38762,40059,16602,43278,18941,8094,21992,9973
2016,"MUNICIPIO",3550704,"84294",73942,36886,37056,18086,43021,12835,8975,21460,6621
2016,"MUNICIPIO",3550803,"12335",12099,6166,5933,2612,6497,2990,1276,3170,1487
2016,"MUNICIPIO",3550902,"15165",14346,7061,7285,3118,7570,3658,1529,3785,1971
2016,"MUNICIPIO",3551009,"357989",332445,159664,172781,75260,184279,72906,36937,94314,41530
2016,"MUNICIPIO",3551108,"9936",9027,4594,4433,2261,4735,2031,1154,2281,998
2016,"MUNICIPIO",3551207,"3687",3622,1819,1803,854,1822,946,417,891,495
2016,"MUNICIPIO",3551306,"3373",3031,1525,1506,521,1633,877,252,823,431
2016,"MUNICIPIO",3551405,"13516",11256,6873,4383,2334,6874,2048,1169,2270,944
2016,"MUNICIPIO",3551504,"43293",38878,19486,19392,9567,22766,6545,4750,11222,3420
2016,"MUNICIPIO",3551603,"28534",26387,12866,13521,4915,13747,7725,2366,6974,4181
2016,"MUNICIPIO",3551702,"121412",110074,54701,55373,23597,63942,22535,11459,31960,11954
2016,"MUNICIPIO",3551801,"13098",13005,6681,6324,3527,6489,2989,1741,3177,1406
2016,"MUNICIPIO",3551900,"16962",15501,8045,7456,3654,8874,2973,1738,4230,1488
2016,"MUNICIPIO",3552007,"6193",5792,2936,2856,1413,3012,1367,719,1460,677
2016,"MUNICIPIO",3552106,"39896",36686,18205,18481,6797,19084,10805,3328,9520,5633
2016,"MUNICIPIO",3552205,"652481",586625,287014,299611,123523,335586,127516,60523,169107,69981
2016,"MUNICIPIO",3552304,"7723",7435,3742,3693,1594,4128,1713,774,2059,860
2016,"MUNICIPIO",3552403,"269522",241311,119863,121448,55356,142101,43854,27087,71230,23131
2016,"MUNICIPIO",3552502,"288056",262480,128694,133786,65353,148498,48629,32102,75783,25901
2016,"MUNICIPIO",3552551,"3790",3383,1748,1635,735,1795,853,355,869,411
2016,"MUNICIPIO",3552601,"12178",11363,5745,5618,2087,6189,3087,1037,3007,1574
2016,"MUNICIPIO",3552700,"16021",14686,7565,7121,3196,8220,3270,1596,3865,1660
2016,"MUNICIPIO",3552809,"275948",244528,116895,127633,58565,143563,42400,28979,74701,23953
2016,"MUNICIPIO",3552908,"6152",5714,2861,2853,1276,3134,1304,658,1535,660
2016,"MUNICIPIO",3553005,"12851",10828,5385,5443,2534,6120,2174,1253,3066,1124
2016,"MUNICIPIO",3553104,"6230",5894,2972,2922,1277,3179,1438,633,1537,752
2016,"MUNICIPIO",3553203,"5604",5447,2696,2751,975,2877,1595,486,1415,850
2016,"MUNICIPIO",3553302,"23241",22406,11173,11233,4820,11968,5618,2363,5975,2895
2016,"MUNICIPIO",3553401,"25597",24055,12042,12013,4338,12943,6774,2108,6376,3529
2016,"MUNICIPIO",3553500,"8010",8012,4043,3969,2284,4031,1697,1112,2018,839
2016,"MUNICIPIO",3553609,"13069",12737,6331,6406,2649,6961,3127,1313,3495,1598
2016,"MUNICIPIO",3553658,"2821",2726,1373,1353,586,1447,693,292,701,360
2016,"MUNICIPIO",3553708,"56771",53988,26662,27326,11312,29340,13336,5542,14645,7139
2016,"MUNICIPIO",3553807,"23202",22291,11092,11199,5067,12037,5187,2507,6057,2635
2016,"MUNICIPIO",3553856,"5660",5151,2578,2573,1477,2818,856,752,1410,411
2016,"MUNICIPIO",3553906,"7236",6607,3293,3314,1581,3659,1367,772,1825,717
2016,"MUNICIPIO",3553955,"14378",12885,6583,6302,3025,7440,2420,1407,3666,1229
2016,"MUNICIPIO",3554003,"117823",107326,53034,54292,24599,59128,23599,12116,29622,12554
2016,"MUNICIPIO",3554102,"305174",278686,136752,141934,59259,157421,62006,29067,79157,33710
2016,"MUNICIPIO",3554201,"4713",4809,2467,2342,1313,2443,1053,657,1164,521
2016,"MUNICIPIO",3554300,"22795",21386,10665,10721,5276,11888,4222,2611,6005,2105
2016,"MUNICIPIO",3554409,"9164",8505,4306,4199,1866,4604,2035,853,2269,1077
2016,"MUNICIPIO",3554508,"40613",36835,18249,18586,7642,20466,8727,3776,10073,4737
2016,"MUNICIPIO",3554607,"2695",2646,1364,1282,564,1298,784,258,633,391
2016,"MUNICIPIO",3554656,"2385",2254,1188,1066,488,1122,644,227,534,305
2016,"MUNICIPIO",3554706,"9890",9330,4707,4623,1760,4987,2583,856,2429,1338
2016,"MUNICIPIO",3554755,"1677",1544,770,774,374,809,361,190,400,184
2016,"MUNICIPIO",3554805,"45414",40984,21663,19321,8640,24178,8166,4285,10767,4269
2016,"MUNICIPIO",3554904,"5743",5427,2718,2709,1015,2721,1691,476,1363,870
2016,"MUNICIPIO",3554953,"6612",5930,3022,2908,1116,3073,1741,589,1472,847
2016,"MUNICIPIO",3555000,"65705",63476,30734,32742,11583,33238,18655,5631,16865,10246
2016,"MUNICIPIO",3555109,"15238",14269,7580,6689,2070,7693,4506,1016,3340,2333
2016,"MUNICIPIO",3555208,"2013",1930,997,933,326,964,640,137,476,320
2016,"MUNICIPIO",3555307,"1854",1978,982,996,302,972,704,150,499,347
2016,"MUNICIPIO",3555356,"5996",5289,2715,2574,1358,2902,1029,671,1391,512
2016,"MUNICIPIO",3555406,"87364",78801,39176,39625,19208,44206,15387,9508,22232,7885
2016,"MUNICIPIO",3555505,"4711",4427,2284,2143,1022,2251,1154,477,1098,568
2016,"MUNICIPIO",3555604,"10008",9471,4707,4764,1748,5018,2705,865,2470,1429
2016,"MUNICIPIO",3555703,"1773",1599,829,770,360,843,396,179,401,190
2016,"MUNICIPIO",3555802,"9141",8836,4395,4441,1609,4546,2681,793,2283,1365
2016,"MUNICIPIO",3555901,"1218",1251,641,610,230,657,364,105,323,182
2016,"MUNICIPIO",3556008,"13580",12714,6321,6393,2228,6732,3754,1106,3354,1933
2016,"MUNICIPIO",3556107,"12610",11036,5548,5488,2203,6225,2608,1102,3069,1317
2016,"MUNICIPIO",3556206,"122163",106793,52676,54117,20143,61508,25142,9842,30911,13364
2016,"MUNICIPIO",3556305,"25316",22576,12413,10163,4584,13592,4400,2221,5657,2285
2016,"MUNICIPIO",3556354,"10000",8801,4519,4282,1897,4655,2249,932,2257,1093
2016,"MUNICIPIO",3556404,"42061",39266,19488,19778,8590,21296,9380,4200,10670,4908
2016,"MUNICIPIO",3556453,"49542",42997,21342,21655,10528,24527,7942,5154,12340,4161
2016,"MUNICIPIO",3556503,"117772",107089,53415,53674,25039,62932,19118,12266,31479,9929
2016,"MUNICIPIO",3556602,"10980",10769,5298,5471,2229,5574,2966,1092,2776,1603
2016,"MUNICIPIO",3556701,"73855",63611,31483,32128,12641,36654,14316,6080,18478,7570
2016,"MUNICIPIO",3556800,"18542",17297,8714,8583,3726,9550,4021,1784,4701,2098
2016,"MUNICIPIO",3556909,"8171",6886,3544,3342,1425,4045,1416,718,1904,720
2016,"MUNICIPIO",3556958,"1827",1737,891,846,324,933,480,164,446,236
2016,"MUNICIPIO",3557006,"118858",108809,54013,54796,25317,61906,21586,12397,30948,11451
2016,"MUNICIPIO",3557105,"92032",84692,41315,43377,15002,46892,22798,7239,23776,12362
2016,"MUNICIPIO",3557154,"2605",2335,1173,1162,467,1237,631,232,610,320
2016,"MUNICIPIO",3557204,"12486",12114,6028,6086,2774,6397,2943,1323,3191,1572
2016,"MUNICIPIO",3557303,"10971",10044,5074,4970,2210,5747,2087,1132,2814,1024
